K,T_eff_opt_s,T_eff_val_s,t_d_list,t_b_list
3,9.4000,9.3200,"[0.19983613949725765, 11.531614222309887, 17.079578243021572]","[8.563642542343608, 14.461479966443289, 25.961844239129263]"
